dataset,sample_id,num_phase1_shortlist_before,num_phase1_shortlist_after,phase1_reserve_added,phase1_reserve_triggered,reserve_candidate_id,reserve_candidate_type,reserve_source_run_id,reserve_source_seed_id,reserve_reason,reserve_score,reserve_rank_before_reserve,reserve_rank_after_reserve,reserve_in_phase1_shortlist,reserve_reaches_phase2,reserve_has_sentence_candidates,reserve_enters_ABR_candidate_pool,reserve_ABR_score,reserve_ABR_rank,reserve_selected_by_ABR,reserve_rendered,reserve_forced_selected,reserve_forced_rendered,selected_because_of_forced_pin,phase1_reserve_seed_or_run_id,phase1_reserve_reason,phase1_reserve_score,phase1_reserve_reaches_phase2,phase1_reserve_has_sentence_candidates,phase1_reserve_selected_by_ABR,phase1_reserve_rendered
hotpotqa,5abe953b5542993f32c2a170,2,2,False,False,,unknown,-1,,,0.0,-1,-1,False,False,False,False,,,False,False,False,False,False,-1,,0.0,False,False,False,False
hotpotqa,5ab69f9a554299710c8d1ef8,2,3,True,True,American Humane Association::1,unknown,1,,nonredundant_best;seed_jacc=0.333;semantic=0.863;graph=0.316;bridge=1.000;hybrid=0.610,0.6855970036037136,-1,-1,True,True,True,True,,,True,True,False,False,False,1,nonredundant_best;seed_jacc=0.333;semantic=0.863;graph=0.316;bridge=1.000;hybrid=0.610,0.6855970036037136,True,True,True,True
hotpotqa,5abc030e554299642a094bdc,2,3,True,True,Adegoke Adelabu::0,unknown,3,,nonredundant_best;seed_jacc=0.600;semantic=0.866;graph=0.320;bridge=1.000;hybrid=0.618,0.6626554712699589,-1,-1,True,True,True,True,,,True,True,False,False,False,3,nonredundant_best;seed_jacc=0.600;semantic=0.866;graph=0.320;bridge=1.000;hybrid=0.618,0.6626554712699589,True,True,True,True
hotpotqa,5ae6c2285542995703ce8b9a,2,2,False,False,,unknown,-1,,,0.0,-1,-1,False,False,False,False,,,False,False,False,False,False,-1,,0.0,False,False,False,False
hotpotqa,5ab57fc4554299488d4d99c0,2,2,False,False,,unknown,-1,,,0.0,-1,-1,False,False,False,False,,,False,False,False,False,False,-1,,0.0,False,False,False,False
hotpotqa,5ade9c9c5542997c77adee8c,2,2,False,False,,unknown,-1,,,0.0,-1,-1,False,False,False,False,,,False,False,False,False,False,-1,,0.0,False,False,False,False
hotpotqa,5a749af055429979e28829b7,2,2,False,False,,unknown,-1,,,0.0,-1,-1,False,False,False,False,,,False,False,False,False,False,-1,,0.0,False,False,False,False
hotpotqa,5ae1389655429901ffe4ae05,2,2,False,False,,unknown,-1,,,0.0,-1,-1,False,False,False,False,,,False,False,False,False,False,-1,,0.0,False,False,False,False
hotpotqa,5adcd4325542994d58a2f6ed,2,3,True,True,Acclimatisation society::0,unknown,2,,nonredundant_best;seed_jacc=0.600;semantic=0.874;graph=0.496;bridge=1.000;hybrid=0.654,0.7102828549113956,-1,-1,True,True,True,True,,,True,True,False,False,False,2,nonredundant_best;seed_jacc=0.600;semantic=0.874;graph=0.496;bridge=1.000;hybrid=0.654,0.7102828549113956,True,True,True,True
hotpotqa,5a85c3225542992a431d1b95,2,2,False,False,,unknown,-1,,,0.0,-1,-1,False,False,False,False,,,False,False,False,False,False,-1,,0.0,False,False,False,False
hotpotqa,5ab94bc2554299743d22eacf,2,2,False,False,,unknown,-1,,,0.0,-1,-1,False,False,False,False,,,False,False,False,False,False,-1,,0.0,False,False,False,False
hotpotqa,5ae1f17e554299234fd04349,2,2,False,False,,unknown,-1,,,0.0,-1,-1,False,False,False,False,,,False,False,False,False,False,-1,,0.0,False,False,False,False
hotpotqa,5ab3cecd5542992ade7c6eae,2,3,True,True,Acclimatisation society::0,unknown,3,,nonredundant_best;seed_jacc=0.600;semantic=0.849;graph=0.394;bridge=1.000;hybrid=0.617,0.67383807869867,-1,-1,True,True,True,True,,,True,True,False,False,False,3,nonredundant_best;seed_jacc=0.600;semantic=0.849;graph=0.394;bridge=1.000;hybrid=0.617,0.67383807869867,True,True,True,True
hotpotqa,5a8835dc5542994846c1ce2b,2,2,False,False,,unknown,-1,,,0.0,-1,-1,False,False,False,False,,,False,False,False,False,False,-1,,0.0,False,False,False,False
hotpotqa,5a714dea5542994082a3e7a9,2,2,False,False,,unknown,-1,,,0.0,-1,-1,False,False,False,False,,,False,False,False,False,False,-1,,0.0,False,False,False,False
hotpotqa,5a8481945542997175ce1ed3,2,3,True,True,Arrival (Journey album)::0,unknown,0,,nonredundant_best;seed_jacc=0.143;semantic=0.877;graph=0.273;bridge=1.000;hybrid=0.582,0.6902382578516382,-1,-1,True,True,True,True,,,True,True,False,False,False,0,nonredundant_best;seed_jacc=0.143;semantic=0.877;graph=0.273;bridge=1.000;hybrid=0.582,0.6902382578516382,True,True,True,True
hotpotqa,5a84574455429933447460e6,2,2,False,False,,unknown,-1,,,0.0,-1,-1,False,False,False,False,,,False,False,False,False,False,-1,,0.0,False,False,False,False
hotpotqa,5a72b2dc5542992359bc3173,2,2,False,False,,unknown,-1,,,0.0,-1,-1,False,False,False,False,,,False,False,False,False,False,-1,,0.0,False,False,False,False
hotpotqa,5a7a3a945542996a35c17147,2,2,False,False,,unknown,-1,,,0.0,-1,-1,False,False,False,False,,,False,False,False,False,False,-1,,0.0,False,False,False,False
hotpotqa,5ade86b255429939a52fe8e0,2,2,False,False,,unknown,-1,,,0.0,-1,-1,False,False,False,False,,,False,False,False,False,False,-1,,0.0,False,False,False,False
hotpotqa,5a8f5b6f554299458435d5e7,2,2,False,False,,unknown,-1,,,0.0,-1,-1,False,False,False,False,,,False,False,False,False,False,-1,,0.0,False,False,False,False
hotpotqa,5ae40d405542996836b02c28,2,2,False,False,,unknown,-1,,,0.0,-1,-1,False,False,False,False,,,False,False,False,False,False,-1,,0.0,False,False,False,False
hotpotqa,5a72334755429971e9dc934c,2,2,False,False,,unknown,-1,,,0.0,-1,-1,False,False,False,False,,,False,False,False,False,False,-1,,0.0,False,False,False,False
hotpotqa,5ab8829d55429934fafe6e08,2,2,False,False,,unknown,-1,,,0.0,-1,-1,False,False,False,False,,,False,False,False,False,False,-1,,0.0,False,False,False,False
hotpotqa,5a7b1c0a55429931da12c9c9,2,3,True,True,2008–09 Copa America (indoor)::1,unknown,0,,nonredundant_best;seed_jacc=0.600;semantic=0.853;graph=0.323;bridge=1.000;hybrid=0.610,0.6580715270786194,-1,-1,True,True,True,True,,,True,True,False,False,False,0,nonredundant_best;seed_jacc=0.600;semantic=0.853;graph=0.323;bridge=1.000;hybrid=0.610,0.6580715270786194,True,True,True,True
hotpotqa,5ae40b2b55429970de88d8b3,2,3,True,True,AirAsia::1,unknown,3,,nonredundant_best;seed_jacc=0.600;semantic=0.865;graph=0.376;bridge=1.000;hybrid=0.637,0.6792819331948453,-1,-1,True,True,True,True,,,True,True,False,False,False,3,nonredundant_best;seed_jacc=0.600;semantic=0.865;graph=0.376;bridge=1.000;hybrid=0.637,0.6792819331948453,True,True,True,True
hotpotqa,5ab29c24554299449642c932,2,2,False,False,,unknown,-1,,,0.0,-1,-1,False,False,False,False,,,False,False,False,False,False,-1,,0.0,False,False,False,False
hotpotqa,5ae26fad554299495565da6f,2,2,False,False,,unknown,-1,,,0.0,-1,-1,False,False,False,False,,,False,False,False,False,False,-1,,0.0,False,False,False,False
hotpotqa,5a7542425542996c70cfaecc,2,2,False,False,,unknown,-1,,,0.0,-1,-1,False,False,False,False,,,False,False,False,False,False,-1,,0.0,False,False,False,False
hotpotqa,5adecc7755429975fa854f9d,2,2,False,False,,unknown,-1,,,0.0,-1,-1,False,False,False,False,,,False,False,False,False,False,-1,,0.0,False,False,False,False
hotpotqa,5abff9905542997d64295980,2,2,False,False,,unknown,-1,,,0.0,-1,-1,False,False,False,False,,,False,False,False,False,False,-1,,0.0,False,False,False,False
hotpotqa,5ab5f372554299488d4d9a60,2,2,False,False,,unknown,-1,,,0.0,-1,-1,False,False,False,False,,,False,False,False,False,False,-1,,0.0,False,False,False,False
hotpotqa,5a7558425542992db9473647,2,2,False,False,,unknown,-1,,,0.0,-1,-1,False,False,False,False,,,False,False,False,False,False,-1,,0.0,False,False,False,False
hotpotqa,5a72f45a5542992359bc31e6,2,2,False,False,,unknown,-1,,,0.0,-1,-1,False,False,False,False,,,False,False,False,False,False,-1,,0.0,False,False,False,False
hotpotqa,5a83411655429966c78a6b5d,2,2,False,False,,unknown,-1,,,0.0,-1,-1,False,False,False,False,,,False,False,False,False,False,-1,,0.0,False,False,False,False
hotpotqa,5a77aa095542995d83181260,2,2,False,False,,unknown,-1,,,0.0,-1,-1,False,False,False,False,,,False,False,False,False,False,-1,,0.0,False,False,False,False
hotpotqa,5ae680cc5542996d980e7ba5,2,2,False,False,,unknown,-1,,,0.0,-1,-1,False,False,False,False,,,False,False,False,False,False,-1,,0.0,False,False,False,False
hotpotqa,5ae4d3c95542990ba0bbb165,2,2,False,False,,unknown,-1,,,0.0,-1,-1,False,False,False,False,,,False,False,False,False,False,-1,,0.0,False,False,False,False
hotpotqa,5a790d8f554299029c4b5eec,2,2,False,False,,unknown,-1,,,0.0,-1,-1,False,False,False,False,,,False,False,False,False,False,-1,,0.0,False,False,False,False
hotpotqa,5a717d4c5542994082a3e854,2,2,False,False,,unknown,-1,,,0.0,-1,-1,False,False,False,False,,,False,False,False,False,False,-1,,0.0,False,False,False,False
hotpotqa,5a77322055429972597f1494,2,2,False,False,,unknown,-1,,,0.0,-1,-1,False,False,False,False,,,False,False,False,False,False,-1,,0.0,False,False,False,False
hotpotqa,5ae163b3554299422ee99678,2,2,False,False,,unknown,-1,,,0.0,-1,-1,False,False,False,False,,,False,False,False,False,False,-1,,0.0,False,False,False,False
hotpotqa,5a77cb335542997042120b3a,2,2,False,False,,unknown,-1,,,0.0,-1,-1,False,False,False,False,,,False,False,False,False,False,-1,,0.0,False,False,False,False
hotpotqa,5ae4a0ca5542995ad6573dcb,2,2,False,False,,unknown,-1,,,0.0,-1,-1,False,False,False,False,,,False,False,False,False,False,-1,,0.0,False,False,False,False
hotpotqa,5a84e21d5542997b5ce3ff7c,2,3,True,True,1991 Perfect Storm::1,unknown,1,,nonredundant_best;seed_jacc=0.600;semantic=0.869;graph=0.329;bridge=1.000;hybrid=0.602,0.6602429737818035,-1,-1,True,True,True,True,,,True,True,False,False,False,1,nonredundant_best;seed_jacc=0.600;semantic=0.869;graph=0.329;bridge=1.000;hybrid=0.602,0.6602429737818035,True,True,True,True
hotpotqa,5a797bd95542994bb9457016,2,2,False,False,,unknown,-1,,,0.0,-1,-1,False,False,False,False,,,False,False,False,False,False,-1,,0.0,False,False,False,False
hotpotqa,5a84973e5542992a431d1a67,2,2,False,False,,unknown,-1,,,0.0,-1,-1,False,False,False,False,,,False,False,False,False,False,-1,,0.0,False,False,False,False
hotpotqa,5a7736bc554299373536021b,2,2,False,False,,unknown,-1,,,0.0,-1,-1,False,False,False,False,,,False,False,False,False,False,-1,,0.0,False,False,False,False
hotpotqa,5add7c9c5542990dbb2f7e60,2,3,True,True,B Boy Baby::0,unknown,2,,nonredundant_best;seed_jacc=0.143;semantic=0.857;graph=0.239;bridge=1.000;hybrid=0.585,0.6803644628916404,-1,-1,True,True,True,True,,,True,True,False,False,False,2,nonredundant_best;seed_jacc=0.143;semantic=0.857;graph=0.239;bridge=1.000;hybrid=0.585,0.6803644628916404,True,True,True,True
hotpotqa,5a7d3470554299452d57bb56,2,2,False,False,,unknown,-1,,,0.0,-1,-1,False,False,False,False,,,False,False,False,False,False,-1,,0.0,False,False,False,False
hotpotqa,5ab3a83d5542992ade7c6e08,2,2,False,False,,unknown,-1,,,0.0,-1,-1,False,False,False,False,,,False,False,False,False,False,-1,,0.0,False,False,False,False
hotpotqa,5a8a2a5555429930ff3c0ccc,2,2,False,False,,unknown,-1,,,0.0,-1,-1,False,False,False,False,,,False,False,False,False,False,-1,,0.0,False,False,False,False
hotpotqa,5ae526c455429908b6326529,2,2,False,False,,unknown,-1,,,0.0,-1,-1,False,False,False,False,,,False,False,False,False,False,-1,,0.0,False,False,False,False
hotpotqa,5a8031c1554299485f598585,2,2,False,False,,unknown,-1,,,0.0,-1,-1,False,False,False,False,,,False,False,False,False,False,-1,,0.0,False,False,False,False
hotpotqa,5ac3bd0c554299204fd21e21,2,2,False,False,,unknown,-1,,,0.0,-1,-1,False,False,False,False,,,False,False,False,False,False,-1,,0.0,False,False,False,False
hotpotqa,5ae7281c5542991e8301cb69,2,2,False,False,,unknown,-1,,,0.0,-1,-1,False,False,False,False,,,False,False,False,False,False,-1,,0.0,False,False,False,False
hotpotqa,5abcf14f55429959677d6b5b,2,3,True,True,Additi Gupta::0,unknown,0,,nonredundant_best;seed_jacc=0.600;semantic=0.866;graph=0.463;bridge=1.000;hybrid=0.641,0.6980989123205315,-1,-1,True,True,True,True,,,True,True,False,False,False,0,nonredundant_best;seed_jacc=0.600;semantic=0.866;graph=0.463;bridge=1.000;hybrid=0.641,0.6980989123205315,True,True,True,True
hotpotqa,5ae0818e55429924de1b70e9,2,2,False,False,,unknown,-1,,,0.0,-1,-1,False,False,False,False,,,False,False,False,False,False,-1,,0.0,False,False,False,False
hotpotqa,5adc46665542994650320cc8,2,2,False,False,,unknown,-1,,,0.0,-1,-1,False,False,False,False,,,False,False,False,False,False,-1,,0.0,False,False,False,False
hotpotqa,5ac00278554299012d1db56b,2,2,False,False,,unknown,-1,,,0.0,-1,-1,False,False,False,False,,,False,False,False,False,False,-1,,0.0,False,False,False,False
hotpotqa,5a7b3fc155429931da12ca3a,2,3,True,True,Albert Schweitzer Fellowship::0,unknown,3,,nonredundant_best;seed_jacc=0.600;semantic=0.875;graph=0.292;bridge=1.000;hybrid=0.598,0.6526663082215499,-1,-1,True,True,True,True,,,True,True,False,False,False,3,nonredundant_best;seed_jacc=0.600;semantic=0.875;graph=0.292;bridge=1.000;hybrid=0.598,0.6526663082215499,True,True,True,True
hotpotqa,5ae7f0c75542994a481bbe44,2,2,False,False,,unknown,-1,,,0.0,-1,-1,False,False,False,False,,,False,False,False,False,False,-1,,0.0,False,False,False,False
hotpotqa,5ab8854555429934fafe6e0c,2,2,False,False,,unknown,-1,,,0.0,-1,-1,False,False,False,False,,,False,False,False,False,False,-1,,0.0,False,False,False,False
hotpotqa,5a84fd085542994c784ddaba,2,3,True,True,4th Cavalry Regiment (United States)::3,unknown,2,,nonredundant_best;seed_jacc=0.333;semantic=0.866;graph=0.334;bridge=1.000;hybrid=0.612,0.6902050622278295,-1,-1,True,True,True,True,,,True,True,False,False,False,2,nonredundant_best;seed_jacc=0.333;semantic=0.866;graph=0.334;bridge=1.000;hybrid=0.612,0.6902050622278295,True,True,True,True
hotpotqa,5adc6a3b55429947ff173953,2,2,False,False,,unknown,-1,,,0.0,-1,-1,False,False,False,False,,,False,False,False,False,False,-1,,0.0,False,False,False,False
hotpotqa,5a7732dc55429972597f149b,2,2,False,False,,unknown,-1,,,0.0,-1,-1,False,False,False,False,,,False,False,False,False,False,-1,,0.0,False,False,False,False
hotpotqa,5ac3ce74554299204fd21e71,2,2,False,False,,unknown,-1,,,0.0,-1,-1,False,False,False,False,,,False,False,False,False,False,-1,,0.0,False,False,False,False
hotpotqa,5a8cee9b554299441c6b9f87,2,2,False,False,,unknown,-1,,,0.0,-1,-1,False,False,False,False,,,False,False,False,False,False,-1,,0.0,False,False,False,False
hotpotqa,5ae7ff745542994a481bbe6e,2,2,False,False,,unknown,-1,,,0.0,-1,-1,False,False,False,False,,,False,False,False,False,False,-1,,0.0,False,False,False,False
hotpotqa,5a88a1bb5542997e5c09a64c,2,3,True,True,1988 Cincinnati Reds season::0,unknown,2,,nonredundant_best;seed_jacc=0.333;semantic=0.878;graph=0.309;bridge=1.000;hybrid=0.610,0.6870315890542087,-1,-1,True,True,True,True,,,True,True,False,False,False,2,nonredundant_best;seed_jacc=0.333;semantic=0.878;graph=0.309;bridge=1.000;hybrid=0.610,0.6870315890542087,True,True,True,True
hotpotqa,5a88f7bf5542997e5c09a6dd,2,2,False,False,,unknown,-1,,,0.0,-1,-1,False,False,False,False,,,False,False,False,False,False,-1,,0.0,False,False,False,False
hotpotqa,5ab545d3554299494045ef5c,2,2,False,False,,unknown,-1,,,0.0,-1,-1,False,False,False,False,,,False,False,False,False,False,-1,,0.0,False,False,False,False
hotpotqa,5a8e41735542995085b37406,2,3,True,True,"Argyle, Iowa::1",unknown,0,,nonredundant_best;seed_jacc=0.600;semantic=0.866;graph=0.303;bridge=1.000;hybrid=0.615,0.6583743086189798,-1,-1,True,True,True,True,,,True,True,False,False,False,0,nonredundant_best;seed_jacc=0.600;semantic=0.866;graph=0.303;bridge=1.000;hybrid=0.615,0.6583743086189798,True,True,True,True
hotpotqa,5a85df525542994c784ddb9f,2,3,True,True,Asia Poker::0,unknown,1,,nonredundant_best;seed_jacc=0.600;semantic=0.864;graph=0.345;bridge=1.000;hybrid=0.624,0.6689682332809929,-1,-1,True,True,True,True,,,True,True,False,False,False,1,nonredundant_best;seed_jacc=0.600;semantic=0.864;graph=0.345;bridge=1.000;hybrid=0.624,0.6689682332809929,True,True,True,True
hotpotqa,5a86b13f55429960ec39b6c3,2,2,False,False,,unknown,-1,,,0.0,-1,-1,False,False,False,False,,,False,False,False,False,False,-1,,0.0,False,False,False,False
hotpotqa,5a78d35e55429974737f78c3,2,2,False,False,,unknown,-1,,,0.0,-1,-1,False,False,False,False,,,False,False,False,False,False,-1,,0.0,False,False,False,False
hotpotqa,5a8b45765542995d1e6f1333,2,2,False,False,,unknown,-1,,,0.0,-1,-1,False,False,False,False,,,False,False,False,False,False,-1,,0.0,False,False,False,False
hotpotqa,5ade56ed5542997c77adee04,2,2,False,False,,unknown,-1,,,0.0,-1,-1,False,False,False,False,,,False,False,False,False,False,-1,,0.0,False,False,False,False
hotpotqa,5ab3b42c5542992ade7c6e4f,2,2,False,False,,unknown,-1,,,0.0,-1,-1,False,False,False,False,,,False,False,False,False,False,-1,,0.0,False,False,False,False
hotpotqa,5ae7535c5542997b22f6a6d8,2,2,False,False,,unknown,-1,,,0.0,-1,-1,False,False,False,False,,,False,False,False,False,False,-1,,0.0,False,False,False,False
hotpotqa,5a7b88b45542997c3ec97201,2,2,False,False,,unknown,-1,,,0.0,-1,-1,False,False,False,False,,,False,False,False,False,False,-1,,0.0,False,False,False,False
hotpotqa,5ae6fee3554299572ea54670,2,2,False,False,,unknown,-1,,,0.0,-1,-1,False,False,False,False,,,False,False,False,False,False,-1,,0.0,False,False,False,False
hotpotqa,5ab3bcc55542992ade7c6e66,2,2,False,False,,unknown,-1,,,0.0,-1,-1,False,False,False,False,,,False,False,False,False,False,-1,,0.0,False,False,False,False
hotpotqa,5a7f33115542992e7d278c84,2,2,False,False,,unknown,-1,,,0.0,-1,-1,False,False,False,False,,,False,False,False,False,False,-1,,0.0,False,False,False,False
hotpotqa,5ae7793c554299540e5a55c2,2,2,False,False,,unknown,-1,,,0.0,-1,-1,False,False,False,False,,,False,False,False,False,False,-1,,0.0,False,False,False,False
hotpotqa,5ae1d32a554299492dc91b9c,2,3,True,True,3rd Canadian Division::3,unknown,3,,nonredundant_best;seed_jacc=0.333;semantic=0.872;graph=0.298;bridge=1.000;hybrid=0.594,0.6789206489830154,-1,-1,True,True,True,True,,,True,True,False,False,False,3,nonredundant_best;seed_jacc=0.333;semantic=0.872;graph=0.298;bridge=1.000;hybrid=0.594,0.6789206489830154,True,True,True,True
hotpotqa,5ae12aa6554299422ee99617,2,2,False,False,,unknown,-1,,,0.0,-1,-1,False,False,False,False,,,False,False,False,False,False,-1,,0.0,False,False,False,False
hotpotqa,5ae0ce4e554299603e41845f,2,2,False,False,,unknown,-1,,,0.0,-1,-1,False,False,False,False,,,False,False,False,False,False,-1,,0.0,False,False,False,False
hotpotqa,5a73987c55429978a71e9039,2,2,False,False,,unknown,-1,,,0.0,-1,-1,False,False,False,False,,,False,False,False,False,False,-1,,0.0,False,False,False,False
hotpotqa,5adcdf455542994ed6169c11,2,2,False,False,,unknown,-1,,,0.0,-1,-1,False,False,False,False,,,False,False,False,False,False,-1,,0.0,False,False,False,False
hotpotqa,5a8a48ee55429930ff3c0d66,2,2,False,False,,unknown,-1,,,0.0,-1,-1,False,False,False,False,,,False,False,False,False,False,-1,,0.0,False,False,False,False
hotpotqa,5a8efb5a55429918e830d172,2,2,False,False,,unknown,-1,,,0.0,-1,-1,False,False,False,False,,,False,False,False,False,False,-1,,0.0,False,False,False,False
hotpotqa,5a72a6d855429901807daf27,2,3,True,True,1982 Detroit Lions season::0,unknown,0,,nonredundant_best;seed_jacc=0.600;semantic=0.854;graph=0.341;bridge=1.000;hybrid=0.624,0.666271151284919,-1,-1,True,True,True,True,,,True,True,False,False,False,0,nonredundant_best;seed_jacc=0.600;semantic=0.854;graph=0.341;bridge=1.000;hybrid=0.624,0.666271151284919,True,True,True,True
hotpotqa,5ae791ef55429952e35ea979,2,3,True,True,1950 British Columbia B-36 crash::0,unknown,1,,nonredundant_best;seed_jacc=0.600;semantic=0.867;graph=0.252;bridge=1.000;hybrid=0.593,0.6417922248117843,-1,-1,True,True,True,True,,,True,True,False,False,False,1,nonredundant_best;seed_jacc=0.600;semantic=0.867;graph=0.252;bridge=1.000;hybrid=0.593,0.6417922248117843,True,True,True,True
hotpotqa,5ac3b4e0554299741d48a2ec,2,2,False,False,,unknown,-1,,,0.0,-1,-1,False,False,False,False,,,False,False,False,False,False,-1,,0.0,False,False,False,False
hotpotqa,5ab55a9b5542992aa134a2ba,2,2,False,False,,unknown,-1,,,0.0,-1,-1,False,False,False,False,,,False,False,False,False,False,-1,,0.0,False,False,False,False
hotpotqa,5a79fc8b5542994f819ef114,2,2,False,False,,unknown,-1,,,0.0,-1,-1,False,False,False,False,,,False,False,False,False,False,-1,,0.0,False,False,False,False
hotpotqa,5abdb4a755429965af743df0,2,2,False,False,,unknown,-1,,,0.0,-1,-1,False,False,False,False,,,False,False,False,False,False,-1,,0.0,False,False,False,False
hotpotqa,5ae604ec5542996de7b71af9,2,2,False,False,,unknown,-1,,,0.0,-1,-1,False,False,False,False,,,False,False,False,False,False,-1,,0.0,False,False,False,False
hotpotqa,5a857cf35542994c784ddb1d,2,2,False,False,,unknown,-1,,,0.0,-1,-1,False,False,False,False,,,False,False,False,False,False,-1,,0.0,False,False,False,False
2wikimultihopqa,83bf3b5a0bd911eba7f7acde48001122,2,2,False,False,,unknown,-1,,,0.0,-1,-1,False,False,False,False,,,False,False,False,False,False,-1,,0.0,False,False,False,False
2wikimultihopqa,a80d84e7096d11ebbdb0ac1f6bf848b6,2,2,False,False,,unknown,-1,,,0.0,-1,-1,False,False,False,False,,,False,False,False,False,False,-1,,0.0,False,False,False,False
2wikimultihopqa,2dc690ba0bdc11eba7f7acde48001122,2,2,False,False,,unknown,-1,,,0.0,-1,-1,False,False,False,False,,,False,False,False,False,False,-1,,0.0,False,False,False,False
2wikimultihopqa,462bb642099211ebbdb0ac1f6bf848b6,2,2,False,False,,unknown,-1,,,0.0,-1,-1,False,False,False,False,,,False,False,False,False,False,-1,,0.0,False,False,False,False
2wikimultihopqa,a1cdb240085811ebbd5bac1f6bf848b6,2,2,False,False,,unknown,-1,,,0.0,-1,-1,False,False,False,False,,,False,False,False,False,False,-1,,0.0,False,False,False,False
2wikimultihopqa,6718770a087311ebbd66ac1f6bf848b6,2,2,False,False,,unknown,-1,,,0.0,-1,-1,False,False,False,False,,,False,False,False,False,False,-1,,0.0,False,False,False,False
2wikimultihopqa,7f7046d308f711ebbdaaac1f6bf848b6,2,2,False,False,,unknown,-1,,,0.0,-1,-1,False,False,False,False,,,False,False,False,False,False,-1,,0.0,False,False,False,False
2wikimultihopqa,9fe6a6760baf11ebab90acde48001122,2,3,True,True,Alfonso Fadrique::3,unknown,3,,nonredundant_best;seed_jacc=0.600;semantic=0.860;graph=0.381;bridge=1.000;hybrid=0.606,0.6698964660703015,-1,-1,True,True,True,True,,,True,True,False,False,False,3,nonredundant_best;seed_jacc=0.600;semantic=0.860;graph=0.381;bridge=1.000;hybrid=0.606,0.6698964660703015,True,True,True,True
2wikimultihopqa,551e024408a611ebbd7fac1f6bf848b6,2,2,False,False,,unknown,-1,,,0.0,-1,-1,False,False,False,False,,,False,False,False,False,False,-1,,0.0,False,False,False,False
2wikimultihopqa,33f51d7e0bde11eba7f7acde48001122,2,2,False,False,,unknown,-1,,,0.0,-1,-1,False,False,False,False,,,False,False,False,False,False,-1,,0.0,False,False,False,False
2wikimultihopqa,914b452c0bdc11eba7f7acde48001122,2,3,True,True,3096 Days::0,unknown,3,,nonredundant_best;seed_jacc=0.143;semantic=0.869;graph=0.318;bridge=1.000;hybrid=0.613,0.7071270110936494,-1,-1,True,True,True,True,,,True,True,False,False,False,3,nonredundant_best;seed_jacc=0.143;semantic=0.869;graph=0.318;bridge=1.000;hybrid=0.613,0.7071270110936494,True,True,True,True
2wikimultihopqa,d6898f78089511ebbd75ac1f6bf848b6,2,2,False,False,,unknown,-1,,,0.0,-1,-1,False,False,False,False,,,False,False,False,False,False,-1,,0.0,False,False,False,False
2wikimultihopqa,006d81bc0bde11eba7f7acde48001122,2,3,True,True,Adele Astaire::0,unknown,1,,nonredundant_best;seed_jacc=0.600;semantic=0.862;graph=0.269;bridge=1.000;hybrid=0.579,0.6398599504287077,-1,-1,True,True,True,True,,,True,True,False,False,False,1,nonredundant_best;seed_jacc=0.600;semantic=0.862;graph=0.269;bridge=1.000;hybrid=0.579,0.6398599504287077,True,True,True,True
2wikimultihopqa,f5e3b9ca0bdb11eba7f7acde48001122,2,3,True,True,Adele Astaire::0,unknown,3,,nonredundant_best;seed_jacc=0.600;semantic=0.866;graph=0.344;bridge=1.000;hybrid=0.625,0.6695393254168132,-1,-1,True,True,True,True,,,True,True,False,False,False,3,nonredundant_best;seed_jacc=0.600;semantic=0.866;graph=0.344;bridge=1.000;hybrid=0.625,0.6695393254168132,True,True,True,True
2wikimultihopqa,265daf200bdc11eba7f7acde48001122,2,2,False,False,,unknown,-1,,,0.0,-1,-1,False,False,False,False,,,False,False,False,False,False,-1,,0.0,False,False,False,False
2wikimultihopqa,1c0dd3b00bdc11eba7f7acde48001122,2,2,False,False,,unknown,-1,,,0.0,-1,-1,False,False,False,False,,,False,False,False,False,False,-1,,0.0,False,False,False,False
2wikimultihopqa,bab3b6d00bda11eba7f7acde48001122,2,2,False,False,,unknown,-1,,,0.0,-1,-1,False,False,False,False,,,False,False,False,False,False,-1,,0.0,False,False,False,False
2wikimultihopqa,84b691d8086a11ebbd5fac1f6bf848b6,2,2,False,False,,unknown,-1,,,0.0,-1,-1,False,False,False,False,,,False,False,False,False,False,-1,,0.0,False,False,False,False
2wikimultihopqa,dcbee4b608b011ebbd85ac1f6bf848b6,2,2,False,False,,unknown,-1,,,0.0,-1,-1,False,False,False,False,,,False,False,False,False,False,-1,,0.0,False,False,False,False
2wikimultihopqa,2d8f3ebe0bda11eba7f7acde48001122,2,2,False,False,,unknown,-1,,,0.0,-1,-1,False,False,False,False,,,False,False,False,False,False,-1,,0.0,False,False,False,False
2wikimultihopqa,e6e38bc40bdd11eba7f7acde48001122,2,2,False,False,,unknown,-1,,,0.0,-1,-1,False,False,False,False,,,False,False,False,False,False,-1,,0.0,False,False,False,False
2wikimultihopqa,0bedb7e80bdc11eba7f7acde48001122,2,2,False,False,,unknown,-1,,,0.0,-1,-1,False,False,False,False,,,False,False,False,False,False,-1,,0.0,False,False,False,False
2wikimultihopqa,86508dc60bdc11eba7f7acde48001122,2,2,False,False,,unknown,-1,,,0.0,-1,-1,False,False,False,False,,,False,False,False,False,False,-1,,0.0,False,False,False,False
2wikimultihopqa,e311a3ba0bdc11eba7f7acde48001122,2,2,False,False,,unknown,-1,,,0.0,-1,-1,False,False,False,False,,,False,False,False,False,False,-1,,0.0,False,False,False,False
2wikimultihopqa,bdd526c4091811ebbdaeac1f6bf848b6,2,3,True,True,3 Dots::0,unknown,2,,nonredundant_best;seed_jacc=0.600;semantic=0.877;graph=0.218;bridge=1.000;hybrid=0.581,0.6332855115813516,-1,-1,True,True,True,True,,,True,True,False,False,False,2,nonredundant_best;seed_jacc=0.600;semantic=0.877;graph=0.218;bridge=1.000;hybrid=0.581,0.6332855115813516,True,True,True,True
2wikimultihopqa,435f65fa0baf11ebab90acde48001122,2,3,True,True,"Blanche of Navarre, Countess of Champagne::0",unknown,1,,nonredundant_best;seed_jacc=0.600;semantic=0.866;graph=0.440;bridge=1.000;hybrid=0.643,0.6939194523021799,-1,-1,True,True,True,True,,,True,True,False,False,False,1,nonredundant_best;seed_jacc=0.600;semantic=0.866;graph=0.440;bridge=1.000;hybrid=0.643,0.6939194523021799,True,True,True,True
2wikimultihopqa,5cc01ab60bb011ebab90acde48001122,2,2,False,False,,unknown,-1,,,0.0,-1,-1,False,False,False,False,,,False,False,False,False,False,-1,,0.0,False,False,False,False
2wikimultihopqa,2084260e0bde11eba7f7acde48001122,2,2,False,False,,unknown,-1,,,0.0,-1,-1,False,False,False,False,,,False,False,False,False,False,-1,,0.0,False,False,False,False
2wikimultihopqa,7cb81afc0bd911eba7f7acde48001122,2,2,False,False,,unknown,-1,,,0.0,-1,-1,False,False,False,False,,,False,False,False,False,False,-1,,0.0,False,False,False,False
2wikimultihopqa,a1d9a65c0bd911eba7f7acde48001122,2,2,False,False,,unknown,-1,,,0.0,-1,-1,False,False,False,False,,,False,False,False,False,False,-1,,0.0,False,False,False,False
2wikimultihopqa,f34d188608cb11ebbd93ac1f6bf848b6,2,2,False,False,,unknown,-1,,,0.0,-1,-1,False,False,False,False,,,False,False,False,False,False,-1,,0.0,False,False,False,False
2wikimultihopqa,3a3c2efe0bdc11eba7f7acde48001122,2,3,True,True,"Adolph of Cleves, Lord of Ravenstein::0",unknown,3,,nonredundant_best;seed_jacc=0.000;semantic=0.873;graph=0.268;bridge=1.000;hybrid=0.584,0.7035554907956703,-1,-1,True,True,True,True,,,True,True,False,False,False,3,nonredundant_best;seed_jacc=0.000;semantic=0.873;graph=0.268;bridge=1.000;hybrid=0.584,0.7035554907956703,True,True,True,True
2wikimultihopqa,9aa8008408de11ebbd9eac1f6bf848b6,2,3,True,True,45 Fathers::0,unknown,0,,nonredundant_best;seed_jacc=0.600;semantic=0.864;graph=0.275;bridge=1.000;hybrid=0.609,0.6503388697474031,-1,-1,True,True,True,True,,,True,True,False,False,False,0,nonredundant_best;seed_jacc=0.600;semantic=0.864;graph=0.275;bridge=1.000;hybrid=0.609,0.6503388697474031,True,True,True,True
2wikimultihopqa,0dfe41f60bdc11eba7f7acde48001122,2,3,True,True,...Baby One More Time (song)::13,unknown,1,,nonredundant_best;seed_jacc=0.333;semantic=0.883;graph=0.380;bridge=1.000;hybrid=0.631,0.7087703794322702,-1,-1,True,True,True,True,,,True,True,False,False,False,1,nonredundant_best;seed_jacc=0.333;semantic=0.883;graph=0.380;bridge=1.000;hybrid=0.631,0.7087703794322702,True,True,True,True
2wikimultihopqa,3ce92df80bde11eba7f7acde48001122,2,2,False,False,,unknown,-1,,,0.0,-1,-1,False,False,False,False,,,False,False,False,False,False,-1,,0.0,False,False,False,False
2wikimultihopqa,3e3cd62a086211ebbd5dac1f6bf848b6,2,2,False,False,,unknown,-1,,,0.0,-1,-1,False,False,False,False,,,False,False,False,False,False,-1,,0.0,False,False,False,False
2wikimultihopqa,b672c1ee0bdd11eba7f7acde48001122,2,2,False,False,,unknown,-1,,,0.0,-1,-1,False,False,False,False,,,False,False,False,False,False,-1,,0.0,False,False,False,False
2wikimultihopqa,01309e5008bd11ebbd89ac1f6bf848b6,2,2,False,False,,unknown,-1,,,0.0,-1,-1,False,False,False,False,,,False,False,False,False,False,-1,,0.0,False,False,False,False
2wikimultihopqa,c5a00e860bda11eba7f7acde48001122,2,2,False,False,,unknown,-1,,,0.0,-1,-1,False,False,False,False,,,False,False,False,False,False,-1,,0.0,False,False,False,False
2wikimultihopqa,434dea7708d211ebbd95ac1f6bf848b6,2,2,False,False,,unknown,-1,,,0.0,-1,-1,False,False,False,False,,,False,False,False,False,False,-1,,0.0,False,False,False,False
2wikimultihopqa,02b62fce087211ebbd64ac1f6bf848b6,2,2,False,False,,unknown,-1,,,0.0,-1,-1,False,False,False,False,,,False,False,False,False,False,-1,,0.0,False,False,False,False
2wikimultihopqa,b0ac0fc8087b11ebbd68ac1f6bf848b6,2,2,False,False,,unknown,-1,,,0.0,-1,-1,False,False,False,False,,,False,False,False,False,False,-1,,0.0,False,False,False,False
2wikimultihopqa,c9a769c608be11ebbd8aac1f6bf848b6,2,2,False,False,,unknown,-1,,,0.0,-1,-1,False,False,False,False,,,False,False,False,False,False,-1,,0.0,False,False,False,False
2wikimultihopqa,3f04140e08c311ebbd8dac1f6bf848b6,2,2,False,False,,unknown,-1,,,0.0,-1,-1,False,False,False,False,,,False,False,False,False,False,-1,,0.0,False,False,False,False
2wikimultihopqa,50e4a65c0bde11eba7f7acde48001122,2,2,False,False,,unknown,-1,,,0.0,-1,-1,False,False,False,False,,,False,False,False,False,False,-1,,0.0,False,False,False,False
2wikimultihopqa,b64f541e088d11ebbd70ac1f6bf848b6,2,2,False,False,,unknown,-1,,,0.0,-1,-1,False,False,False,False,,,False,False,False,False,False,-1,,0.0,False,False,False,False
2wikimultihopqa,f998c58c091b11ebbdaeac1f6bf848b6,2,2,False,False,,unknown,-1,,,0.0,-1,-1,False,False,False,False,,,False,False,False,False,False,-1,,0.0,False,False,False,False
2wikimultihopqa,38da155f087511ebbd67ac1f6bf848b6,2,2,False,False,,unknown,-1,,,0.0,-1,-1,False,False,False,False,,,False,False,False,False,False,-1,,0.0,False,False,False,False
2wikimultihopqa,49b22d0a0bde11eba7f7acde48001122,2,3,True,True,...Baby One More Time (song)::10,unknown,1,,nonredundant_best;seed_jacc=0.333;semantic=0.867;graph=0.352;bridge=1.000;hybrid=0.614,0.6945985698482435,-1,-1,True,True,True,True,,,True,True,False,False,False,1,nonredundant_best;seed_jacc=0.333;semantic=0.867;graph=0.352;bridge=1.000;hybrid=0.614,0.6945985698482435,True,True,True,True
2wikimultihopqa,78b10fb00bdc11eba7f7acde48001122,2,2,False,False,,unknown,-1,,,0.0,-1,-1,False,False,False,False,,,False,False,False,False,False,-1,,0.0,False,False,False,False
2wikimultihopqa,879d21e208fc11ebbdadac1f6bf848b6,2,2,False,False,,unknown,-1,,,0.0,-1,-1,False,False,False,False,,,False,False,False,False,False,-1,,0.0,False,False,False,False
2wikimultihopqa,62a9cd640bb011ebab90acde48001122,2,2,False,False,,unknown,-1,,,0.0,-1,-1,False,False,False,False,,,False,False,False,False,False,-1,,0.0,False,False,False,False
2wikimultihopqa,cda459160bda11eba7f7acde48001122,2,2,False,False,,unknown,-1,,,0.0,-1,-1,False,False,False,False,,,False,False,False,False,False,-1,,0.0,False,False,False,False
2wikimultihopqa,1dfaa6200bdd11eba7f7acde48001122,2,2,False,False,,unknown,-1,,,0.0,-1,-1,False,False,False,False,,,False,False,False,False,False,-1,,0.0,False,False,False,False
2wikimultihopqa,ea151f3908e011ebbda2ac1f6bf848b6,2,2,False,False,,unknown,-1,,,0.0,-1,-1,False,False,False,False,,,False,False,False,False,False,-1,,0.0,False,False,False,False
2wikimultihopqa,8e07f1f00bda11eba7f7acde48001122,2,2,False,False,,unknown,-1,,,0.0,-1,-1,False,False,False,False,,,False,False,False,False,False,-1,,0.0,False,False,False,False
2wikimultihopqa,b7f5f7200bdd11eba7f7acde48001122,2,3,True,True,Aretha Franklin::5,unknown,2,,nonredundant_best;seed_jacc=0.600;semantic=0.865;graph=0.371;bridge=1.000;hybrid=0.616,0.6719217167873033,-1,-1,True,True,True,True,,,True,True,False,False,False,2,nonredundant_best;seed_jacc=0.600;semantic=0.865;graph=0.371;bridge=1.000;hybrid=0.616,0.6719217167873033,True,True,True,True
2wikimultihopqa,0dc9691b087911ebbd67ac1f6bf848b6,2,2,False,False,,unknown,-1,,,0.0,-1,-1,False,False,False,False,,,False,False,False,False,False,-1,,0.0,False,False,False,False
2wikimultihopqa,ec70a8a208a311ebbd7cac1f6bf848b6,2,2,False,False,,unknown,-1,,,0.0,-1,-1,False,False,False,False,,,False,False,False,False,False,-1,,0.0,False,False,False,False
2wikimultihopqa,0083038e0bde11eba7f7acde48001122,2,2,False,False,,unknown,-1,,,0.0,-1,-1,False,False,False,False,,,False,False,False,False,False,-1,,0.0,False,False,False,False
2wikimultihopqa,6b8402c40bdd11eba7f7acde48001122,2,2,False,False,,unknown,-1,,,0.0,-1,-1,False,False,False,False,,,False,False,False,False,False,-1,,0.0,False,False,False,False
2wikimultihopqa,d9c894ec0bd911eba7f7acde48001122,2,2,False,False,,unknown,-1,,,0.0,-1,-1,False,False,False,False,,,False,False,False,False,False,-1,,0.0,False,False,False,False
2wikimultihopqa,4d3ab509099c11ebbdb0ac1f6bf848b6,2,2,False,False,,unknown,-1,,,0.0,-1,-1,False,False,False,False,,,False,False,False,False,False,-1,,0.0,False,False,False,False
2wikimultihopqa,a9e322b20bdc11eba7f7acde48001122,2,2,False,False,,unknown,-1,,,0.0,-1,-1,False,False,False,False,,,False,False,False,False,False,-1,,0.0,False,False,False,False
2wikimultihopqa,8f783c7a0bda11eba7f7acde48001122,2,2,False,False,,unknown,-1,,,0.0,-1,-1,False,False,False,False,,,False,False,False,False,False,-1,,0.0,False,False,False,False
2wikimultihopqa,b642318c0bdd11eba7f7acde48001122,2,2,False,False,,unknown,-1,,,0.0,-1,-1,False,False,False,False,,,False,False,False,False,False,-1,,0.0,False,False,False,False
2wikimultihopqa,a52e9e1908b711ebbd88ac1f6bf848b6,2,3,True,True,...Baby One More Time (song)::0,unknown,3,,nonredundant_best;seed_jacc=0.600;semantic=0.869;graph=0.405;bridge=1.000;hybrid=0.630,0.6839703881152601,-1,-1,True,True,True,True,,,True,True,False,False,False,3,nonredundant_best;seed_jacc=0.600;semantic=0.869;graph=0.405;bridge=1.000;hybrid=0.630,0.6839703881152601,True,True,True,True
2wikimultihopqa,fcdafe320bdb11eba7f7acde48001122,2,2,False,False,,unknown,-1,,,0.0,-1,-1,False,False,False,False,,,False,False,False,False,False,-1,,0.0,False,False,False,False
2wikimultihopqa,7d87730c087211ebbd66ac1f6bf848b6,2,2,False,False,,unknown,-1,,,0.0,-1,-1,False,False,False,False,,,False,False,False,False,False,-1,,0.0,False,False,False,False
2wikimultihopqa,ee5cf4a008a711ebbd7fac1f6bf848b6,2,2,False,False,,unknown,-1,,,0.0,-1,-1,False,False,False,False,,,False,False,False,False,False,-1,,0.0,False,False,False,False
2wikimultihopqa,037da85d08c611ebbd90ac1f6bf848b6,2,2,False,False,,unknown,-1,,,0.0,-1,-1,False,False,False,False,,,False,False,False,False,False,-1,,0.0,False,False,False,False
2wikimultihopqa,e15d99380bdd11eba7f7acde48001122,2,2,False,False,,unknown,-1,,,0.0,-1,-1,False,False,False,False,,,False,False,False,False,False,-1,,0.0,False,False,False,False
2wikimultihopqa,f05423560bda11eba7f7acde48001122,2,2,False,False,,unknown,-1,,,0.0,-1,-1,False,False,False,False,,,False,False,False,False,False,-1,,0.0,False,False,False,False
2wikimultihopqa,0ce9a92008ed11ebbda7ac1f6bf848b6,2,2,False,False,,unknown,-1,,,0.0,-1,-1,False,False,False,False,,,False,False,False,False,False,-1,,0.0,False,False,False,False
2wikimultihopqa,7d7237ac08a011ebbd78ac1f6bf848b6,2,2,False,False,,unknown,-1,,,0.0,-1,-1,False,False,False,False,,,False,False,False,False,False,-1,,0.0,False,False,False,False
2wikimultihopqa,90c8793c087411ebbd67ac1f6bf848b6,2,2,False,False,,unknown,-1,,,0.0,-1,-1,False,False,False,False,,,False,False,False,False,False,-1,,0.0,False,False,False,False
2wikimultihopqa,63c16246095211ebbdaeac1f6bf848b6,2,3,True,True,A Romance of Seville::0,unknown,1,,nonredundant_best;seed_jacc=0.600;semantic=0.869;graph=0.299;bridge=1.000;hybrid=0.601,0.653752086410787,-1,-1,True,True,True,True,,,True,True,False,False,False,1,nonredundant_best;seed_jacc=0.600;semantic=0.869;graph=0.299;bridge=1.000;hybrid=0.601,0.653752086410787,True,True,True,True
2wikimultihopqa,48e6d06e086f11ebbd62ac1f6bf848b6,2,2,False,False,,unknown,-1,,,0.0,-1,-1,False,False,False,False,,,False,False,False,False,False,-1,,0.0,False,False,False,False
2wikimultihopqa,d18fc6640bda11eba7f7acde48001122,2,2,False,False,,unknown,-1,,,0.0,-1,-1,False,False,False,False,,,False,False,False,False,False,-1,,0.0,False,False,False,False
2wikimultihopqa,4a11106f08ea11ebbda7ac1f6bf848b6,2,2,False,False,,unknown,-1,,,0.0,-1,-1,False,False,False,False,,,False,False,False,False,False,-1,,0.0,False,False,False,False
2wikimultihopqa,a457e11c0bdb11eba7f7acde48001122,2,2,False,False,,unknown,-1,,,0.0,-1,-1,False,False,False,False,,,False,False,False,False,False,-1,,0.0,False,False,False,False
2wikimultihopqa,632fcc82085611ebbd59ac1f6bf848b6,2,2,False,False,,unknown,-1,,,0.0,-1,-1,False,False,False,False,,,False,False,False,False,False,-1,,0.0,False,False,False,False
2wikimultihopqa,076288460bde11eba7f7acde48001122,2,2,False,False,,unknown,-1,,,0.0,-1,-1,False,False,False,False,,,False,False,False,False,False,-1,,0.0,False,False,False,False
2wikimultihopqa,402c6e0008c611ebbd90ac1f6bf848b6,2,2,False,False,,unknown,-1,,,0.0,-1,-1,False,False,False,False,,,False,False,False,False,False,-1,,0.0,False,False,False,False
2wikimultihopqa,9523a3df088911ebbd6eac1f6bf848b6,2,2,False,False,,unknown,-1,,,0.0,-1,-1,False,False,False,False,,,False,False,False,False,False,-1,,0.0,False,False,False,False
2wikimultihopqa,5ff291a80bda11eba7f7acde48001122,2,2,False,False,,unknown,-1,,,0.0,-1,-1,False,False,False,False,,,False,False,False,False,False,-1,,0.0,False,False,False,False
2wikimultihopqa,a08aa2a9089111ebbd73ac1f6bf848b6,2,2,False,False,,unknown,-1,,,0.0,-1,-1,False,False,False,False,,,False,False,False,False,False,-1,,0.0,False,False,False,False
2wikimultihopqa,63240f22089d11ebbd78ac1f6bf848b6,2,3,True,True,Andrea Corr::0,unknown,2,,nonredundant_best;seed_jacc=0.600;semantic=0.823;graph=0.370;bridge=1.000;hybrid=0.570,0.6494966644763678,-1,-1,True,True,True,True,,,True,True,False,False,False,2,nonredundant_best;seed_jacc=0.600;semantic=0.823;graph=0.370;bridge=1.000;hybrid=0.570,0.6494966644763678,True,True,True,True
2wikimultihopqa,fde95590089c11ebbd78ac1f6bf848b6,2,2,False,False,,unknown,-1,,,0.0,-1,-1,False,False,False,False,,,False,False,False,False,False,-1,,0.0,False,False,False,False
2wikimultihopqa,3bb9c0740bb011ebab90acde48001122,2,2,False,False,,unknown,-1,,,0.0,-1,-1,False,False,False,False,,,False,False,False,False,False,-1,,0.0,False,False,False,False
2wikimultihopqa,dfb1d2c8085611ebbd59ac1f6bf848b6,2,2,False,False,,unknown,-1,,,0.0,-1,-1,False,False,False,False,,,False,False,False,False,False,-1,,0.0,False,False,False,False
2wikimultihopqa,e7dc72940baf11ebab90acde48001122,2,2,False,False,,unknown,-1,,,0.0,-1,-1,False,False,False,False,,,False,False,False,False,False,-1,,0.0,False,False,False,False
2wikimultihopqa,764446780bde11eba7f7acde48001122,2,2,False,False,,unknown,-1,,,0.0,-1,-1,False,False,False,False,,,False,False,False,False,False,-1,,0.0,False,False,False,False
2wikimultihopqa,bb97d66208ba11ebbd88ac1f6bf848b6,2,2,False,False,,unknown,-1,,,0.0,-1,-1,False,False,False,False,,,False,False,False,False,False,-1,,0.0,False,False,False,False
2wikimultihopqa,f1a794f20bdc11eba7f7acde48001122,2,2,False,False,,unknown,-1,,,0.0,-1,-1,False,False,False,False,,,False,False,False,False,False,-1,,0.0,False,False,False,False
2wikimultihopqa,47bb70600bde11eba7f7acde48001122,2,3,True,True,Adele Astaire::0,unknown,1,,nonredundant_best;seed_jacc=0.600;semantic=0.869;graph=0.277;bridge=1.000;hybrid=0.613,0.6531198472731308,-1,-1,True,True,True,True,,,True,True,False,False,False,1,nonredundant_best;seed_jacc=0.600;semantic=0.869;graph=0.277;bridge=1.000;hybrid=0.613,0.6531198472731308,True,True,True,True
2wikimultihopqa,6cbb0ed6089911ebbd77ac1f6bf848b6,2,2,False,False,,unknown,-1,,,0.0,-1,-1,False,False,False,False,,,False,False,False,False,False,-1,,0.0,False,False,False,False
2wikimultihopqa,594ca25608df11ebbda0ac1f6bf848b6,2,2,False,False,,unknown,-1,,,0.0,-1,-1,False,False,False,False,,,False,False,False,False,False,-1,,0.0,False,False,False,False
2wikimultihopqa,a431a93808d511ebbd98ac1f6bf848b6,2,3,True,True,3096 Days::0,unknown,1,,nonredundant_best;seed_jacc=0.333;semantic=0.855;graph=0.359;bridge=1.000;hybrid=0.618,0.6947899894944848,-1,-1,True,True,True,True,,,True,True,False,False,False,1,nonredundant_best;seed_jacc=0.333;semantic=0.855;graph=0.359;bridge=1.000;hybrid=0.618,0.6947899894944848,True,True,True,True
2wikimultihopqa,421d07aa0bb011ebab90acde48001122,2,2,False,False,,unknown,-1,,,0.0,-1,-1,False,False,False,False,,,False,False,False,False,False,-1,,0.0,False,False,False,False
